[{
		"id": "751124",
		"name": "Nilesh Sinha",
		"reportingTo": "Anila Ramachandran",
		"InTime": "9",
		"OutTime": "20"
	},
	{
		"id": "1180307",
		"name": "Raghunathan S",
		"reportingTo": "Anila Ramachandran",
		"InTime": "13.15",
		"OutTime": "18.15"
	},
	{
		"id": "754475",
		"name": "Abhijit Chakrabarty",
		"reportingTo": "Anila Ramachandran",
		"InTime": "9.20",
		"OutTime": "20.20"
	},
	{
		"id": "1151137",
		"name": "Anila Ramachandran",
		"reportingTo": "Kaushik Das",
		"InTime": "9.10",
		"OutTime": "20.10"
	},
	{
		"id": "90567",
		"name": "Madhusmita Dash",
		"reportingTo": "Kaushik Das",
		"InTime": "9.30",
		"OutTime": "20.30"
	}
]